aadarsh aah aaron aba abaei abandon abbazia abbey abbi abc aber ableton aboutm abov abstract abunai abus abusitta ac academ academi acanthiza acasa access accid accipiterbadius account acid acqua act action activ actor actup ad adansonia adapt aday addict adida adin adineland adio adob ador adrenalin adri adria adrian adventur advert aeri aerial aero aeroplan aesthet af affin afghan afghanistan afi africa africangrey afrika afternoon ag age agent agfa aggi agosto agra agrat agricultur agro agua ahahaha ahamburgertoday ahh ahora aht ai aib aid aim air aircraft airedal airlin airport airshow aitor ak aka akam akbar akelei aki ala alabama alac alambr alameda alamedana alba albani albania albanian alberta albino alcoy ald alex algeri algo ali alic alicia alien alki allend alley allsoul allus alm alma almer almighti almond aloha alon alot alp alpen alpha alpi alr alt alta altar alter altillo altitud alto alvi amanda amar amarelo amarylli amateur amaz ambiguus amel ameli amelia amen america american americana americangoldfinch americanstandard amesresearchcent amg ami amici amien amigo amir amman amo amor amour amp amphibi ampl amplitud amsterdam amus anaga analog analogica anand anawesomeshot ancora andaman andblack anden anderson andes andi andr andrea andrew anemon angel angelo angl anglia angliru angolo angri angus anillo anim animal animali animalkingdom animalpark anjo ann anna anni anniversair anniversari anoth answer ant antelop anteprima anther anthoni anti antib antiqu antireefercampaign antiwar antofagasta anton antoni antonio antun antwerp anura ao ap apart apat ape apertur apo apollo appalachia appart appin appl appreci april aprosmictus aps apu apus aquarium aquat aquateenhungerforc aquil ar arab arabesc arabia aragua arbo arbol arbor arboretum arc arcad arch archer architect architectur architektur architettura ardenn area areal areco aren arena areus argentin argentina argh arica ariel arizona ark arkansa arkitekt arm armi armo armslength aro aroma arr arriba arroscia arrow arseelektronika art artemur artesan artifici artist artsandcraft asa asda ash ashley ashridg asi asia asian ask asp aspen assign associazion aster astoria astr astro astronomi atb athom atl atlant atlanta atlanti atlantiqu atm atmedia atmo atmospher atp attar attribut au audi auditorium august aunt auror aurora auschwitz aussi austin australi australia austria aut auto automobil autoshow autum autumn avail ave avellana avenu avettbroth avian aviari aviopress avis awak awb awe awesom awr axi ay ayu ayumi az azad azionefuturista azul azwbird ba bab babbar babe babi babybel bach bachelot background backpack backyard bacon badg bag bagcharm baghdad bagl bahn bahnhof bail bailarin bain baja bajacalifornia bake baker bakeri balanc balcon bald bale bali ball ballard ballerin ballet ballon balloon balloonfiesta baltic baltimor bambi bambini bamboo banan banana band banda bandar bang banger bangkok bangla bank bankofamerica banksi baobab bar bara barack barb barba barber barc barca barcamp barcelon barcelona barco bari bark barn barrel barren barro bart bas basbog base basebal basil basilica basket bass basset bastard bastian batali bath bathroom battl baux bay bayarea baybridg baytobreak bazaar bazar bb bbs bc bcn bcnph beach bead beak beam bean bear beard beat beauti bec beck beco bed bedroom bee beef beeld beer beet beetl befor begijn beij belgium bell bella belli belltow bellyd bemi bench bento bentobox benz benzi bergen berkhamst berlin bernal berowra berri beschleunigung besim bessa best bestfriend bestinshow bestsun bethel beton better bever bexley bh bianchi bianco bicho bichon bici biciclett bicycl bidara bif big bigi bigsi bike billi bimbo bin biobio biolog biotar bird birhakeim birmingham birth birthday biscott biscotti biscotto biscuit bit bite black blackandwhit blackbird blackcat blackpool blackriv blackrock blackwhit blak blanc blanch blanco blancoynegro blau blaue bleed bleu blind blink bliss bloc bloem blog blogher blogto blogworldexpo blond bloom bloomfield blossom blow blown blu blue bluebird blueey bluehour bluemeani blueribbon bluesea blueski blume blumen blur bm bmw bn bnf bnscorci bnsf boar board boat bob bodense bodi boe bogen bohiga boi boil boke bokeh bokehwhor bola bolid bolig boll bollen bologna bolognangolob bolso bolt bom bomb bonbon bone bonita bonnet bonsai boo book bookcross boom boot booth border bordercolli bore born bors bosqu boss boston bota botan botani botanica botanicalgarden botanicgarden botanico botg bottl bougi bouillet boulder bouley bourgeoi bouteill bouw bowl bowler box boxer boy bp br bracelet brad bradford braga brain branca branch branco brand brandeburg brandeburgo brasil brasseri brate brave bravo bread break breal breath breathtak breathtakingphoto bretagn brian brick brickhous bridal bride bridg brie bright brighton brimston bristol britain british broch broke broken brokenheart bronx bronz brook brooklyn broth brother brown brp bru brug bruno brush brussel brutal bryce bryon bryonrealey bsquar bt bth btu bubbl bubi buck bucket bud buda buddha buddhist buddi bueno buenosair buff bug buil build bulb bulgaria bull bulldog bum bumbl bump bun bunch bund bunni bunt buoy bur burg burger burj burlesqu burlington burlingtonnorthern burlingtonnorthernsantaf burn burningman burst bus bush busi bust bute butler butt butter buttercream buttercreamfrost butterfli buy buzz bw bym byn byron ca cab caballo cabl cabo cabrio cabriolet caca cacau caco cacti cactus cadav cadena caen cafe caff caffarella caffein caffeina caico cairo cajon cake cala calatrava calavera calebcoppola calf cali california calla calm calochortus calor cam cama camac camara camberwel cambi cambridg camel camera cami caminha camino camp campana campania campi campo campsi canada canal canari canaria canberra candel candi candl cane canepa cani canich canin cann cano canon canoneosdigitalrebel canoneosdigitalrebelxt canonl canonrebelxt canonrebelxti canonxt cantabr canto canton canva canyon cao capa capac cape capecod capit capital capsul captur capturenx car caramel carcass card cardiff care carf cargo cari carib caribbean carlton carmen carn carniv carolina carp carpark carretera carri carro carrot cart cartoon carv casa cascad case cass cassam cast castello castl castro castronev cat catalina catarina catchycolor catchycolorsr catenari cathedr cathol cauca caucasus caval cavali cave cavecreek cayman cc ccup cds ce cebu cec celeb celebr celest cell celo celtic cement cementeri cemetari cemeteri cen cena cener center centerc centr centralst centro centuri ceph cer cerca cerco ceremoni cerro cesar cesto cewil ceylon cfl cgi chain chainlink chair chalk challeng chambley champ champion chang changi channel chao chapel charact charl charli charlott charm chase chateau chateaux che cheap cheek cheer chees cheeseburg cheesecak chelsea chemic chennai chepe cheri cherryblossom cherryblossomfestiv chest chester cheval chevi chevr chi chica chicago chick chicken chico chiffon chihuahua chihuli chilango child children chile chili chill chilli chiltern chimney chin china chinchilla chines chino chip choco chocol chocola chocolat chocolatey choic chop chord chris christ christian christma christmass chromat chrome chrysler chrysochus chuck church ciao cibo cid cie ciel cielo cigarett cima cine cinema cinemadisplay cinnamon cir circl circo circus ciro citadel citi citri citrit citroen citron citrus citrusmedica cityhal citylight ciudad ciutat ck clachan clap clappison clara clark class classic claud claudia clay clean clear clearlak cleisocentron clemati cleo clerodendron clerodendrum cleveland click clicksp cliff clima climb cling clinton clk clock close closeup closeuplen cloth cloud clown clu club clumber cmu cmwd cn coach coachella coal coast coat cob cobb cobbl cocca coccinell coch cocker coco coconut cod coeur coff coffe coffin col cold collan collar collect colleg colli collinsst colo colombia coloni colonia colonn colonna color colorado colori colosseo colour columbia columbiariv columbus come comedi comer comet comic comida commerc commerci common commut como comp compani competit compr comprar comput conc concentr concept concert concord concret concretehom condo cone conejo coney confer conge congratul congress connel conserv conservatori construct consum consumer contemporanea contemporari contest contin continent contrast control conur conveni convent convers cook cooki cool coolest coolestphotograph coolpix coop cooper coot cop copa coptic copticchurch copyright coquimbo cor coral corazon corbusi core corgi cormor corn corner corni cornic cornwal coro corp corsini cort corylusavellana costa costum cottag cotton couch coucher council counti countri coup courag coutur cove cover cow cowbel cowboy coyot cozinha cp cpr cr crab crack cracovi craft crane crassula crawl crazedmommi cream creamofthecrop creat creativ creativecommon creatur creek creme crepuscul crescent crest cri crib crime crinipelli cris cristiano cristianocorsini cristo croch crochet crochethook crocus cromo crook crop cross crossprocess crow crown cru cruis cruse crush crust cruz crystal cs css ct cta cto cu cub cuba cube cuccioli cucumb cuina cuisin cult cultur cultura cuma cumulus cuor cup cupcak cupcakedlight cupido cure curios curious curri curtain curv curva curvac cushion cusna custom cut cute cutest cwd cwdgs cwdrs cybershot cycl cyrus czech da dac dach dachshund dado daf daft dailyself daimler daisi daje dakota dalek dalla dallalto dalmat dalmatia daluz dam damien dan danc dane danger daniel dans dant danza dapa dar daria dark darkfield darko darksideofthemoon dart dartmouth darwin dasa datab daughter davi david dawn dawson day daylight dayton dc dcl dd ddr dead deal dear death debnath decapit decay deck decor dee deep deepspac deer defocus degrad del delano delet deletem delfin delhi deli delic delici dell della delmar delta deltallobrega delviscio demo demolish demolit deni denia deniz denmark dentist denver depart deport depot depth derbi derri derrick dertod desatur desert desertmuseum design desk desper detroit deva deve develop devil devo devon deyoung df dflickr dg dhai dia diamond diamondclassphotograph diana diari dice dick die diego dient diesel diet differ dig digg diggnat digiscop digit digitalphoto digitalphotograph digitalrebelxt dilo dimarco dine ding dinner dio dip diptych dirt disabl disc disco disgust dish dismembermentplan disney disneyland disneymag display dispos distagon distant distort district dive divid diwali diy dj dm dmb dmc dmu doberman doce dock dockland doctor documentari dod dodg dof dog doga dogban dolc dolci dollar dolom dolor dom dome domest domibrez domingo dominican domino don donel donna dontgiveapopolo donut doom door dopero dorf dori dork dorsay dortmund dot doubl doug dove downi downtown dp dps dr dragon dragoncon drake drama draw drea dread dream dreammachin dred drent dress drew dri drift drink drip drive driver droid drop druka drum drupal drwho ds dslr dsuper duck ducki duckl duckwe dude duet dueto dulc duluth dum dump dunda dunde dungeon dunk dunkel dunni duo duoton dupag durban dure dust dutch dux dwr dy dye dynam dynax ea eagl eal eam ear earth earwax easi east eastend easter eastern easyshar eat eatm eaton eau eb ec eca echo eclips eco ed edal edbang eddi edf edg edgewat edibl edifici edit educ eee eel eep eeri eerst eev ef eff effect egg egipt egret egypt eh ehsan ei eid eiffel eir eisa ektachrom el elb elbier elcajon elder electr electro electron elefant eleg eleph elev elf elgin eli elia elin elinchrom elisa eliya elizabeth ella elmo eltz elvi emac emanuel embroid emd emerg emili emilia emma emo emot empir empirest en encr encuentro end endang energi enero engin england english englishpoint eni enjoy enni enriqu entertain entranc entri envi environ eo eow ephemer epic epin epr epson equi equin equindi equip equo er era erasmus erba eri eric ericsson erithacus erni ero eros error eryngium escal escap escondit ese eshu eslam espac esposizion espresso ess essen essex esso estacion estado estat esystem et etech ethan ether etna etr etsi ettor eu eugen eugenia eurasia euro europ europa european eva evan eve event eventi everyon everyth evil evolt evolut ewe ex excaptur excel excesscharg excit exclus exconvento exhibit experi experiment expir expl explor exploreinteresting explorem explos expo exposicion exposit exposur express expressway eye fab fabio fabioaro fabric fabul faccia face facebook factori failur fair fairi fake fakelomo falcon fall falla fallcur fallen fals fame famili familia fan fanboy fanci fantasm fantast far farb farm farmersmarket farmpond farnham faro farol farrah fart fasad fascism fashion fast fat fatehpur father fauna fav fave favela favem favorit favourit fawcett fc fco fd fds fe fear fearless feather feb febrero federico feed feel feet feliz fell fellini felt femal femin femm fens fenster fer feria ferm fern fernandez ferri ferro festa festiv feta feuill ff fg fgr fiat fiber field fieldtrip fierc fiet fifth fifthav fifti fig fight figu figur film filter fin final finch fineart finepix finest finestr finger finish finland finlayson finn finnegan finni fior fiori fir firefli firefox fish fisher fishey fivestar fix fixedgear fixi fixtur fj fjord fkk fl flag flame flash flat flatcoat flea fleet fleetweek fli flickr flickrexplor flickrgath flickrit flickrmeet flickrmeetup flickrphoto flickrsbest flieg flight flint flip flood floor flor flora floral flore florenc flori florida floss flour flow flower flowermacro floyd fluff flycatch flyingdutchman fm foam foc focus fog fogli foie foil fold folli fondant font fontana food fool foot footbal forab forbidden forc ford forest forestpreserv foret forev fork form forma format formerlyjohnnywalkersdeadhors forsaken fortezza forth forti fortress fortun fos fosc foss foster foto fotografa fotografia fotografo fountain fourth fourthird fowl fox fr fra fragment frame framer framingham franc franchis franci francisco franco frangipani frank franken frankfort frankfurt franki franklin franklinpark fraser freak freaki frederick free freedom freesoul freestyl freight french frenchi frenchimpression frenchtoast fresh freshmozzarella fri friday fried friend fright frisbe fro frog frontier frost frosti fruit fruitsnack frutta fuca fuchsia fuego fuel fuent fuji fujichrom fujicolor fujifilm fujifinepix fumo fun fuori furnac fus futur futuro futuron fx fz gabbi gabl gaboto gabriel gael gaf gaia gala galaxi galeri galleri galor galveston game gara garag garagecaf garden gare garlic garten gas gaspardaug gaspodini gastro gate gateway gather gato gattuso gaussianblur gaviota gay gb gdr gear gee geek geh gel gelb gem gen general genova gent gentianaacauli geograph geometr geometri geometria georg georgia georgian geotag gerber geriatr german germani germanshepherd gesto gesu gewinn ghe gheisari ghesemmu ghetto ghost giallo giant giardino gift gig gigant gin ginger gingerbread gioco giona giordano giovanniorlando gir girl giulia giusepp glas glass glasshous glasto glastonburyfestiv glitch global globe gloss glove glow gm gnubittol goa goal goat gob gobo gocc god gold golden goldeng golestan golf goma gone good goodguy goodi googl gooi goos goosegoddess gordo gordon gorg gorilla gos gothic gothicreviv gouda gowanus gq gr grace gracht graci gracia gradient graduat graf graff graffiti grafic grain gran granada grancanaria grand grandcan grandcanyon grandcentr granddaught grandpa granit grape graphic graptopetalum gras grass grassland grave gravel graveyard gray grazi grd grdigit gre great greatamerica greater greatermanchest greatswamp greatwal greed greek green greenappl greenapplesoda greenlan greenvill greet grespan grey greyhound gri grid griffin grill grim grin gris grise griset grizzli groc grocer groom gross grossglockn ground group grove grow gru grupo gt gtr guadalup guard guarda guardar guess guesswherelondon guilherm guilhermegrespan guillermo guita guitar gulf gull gun gupp gut guy gwl gx habit habour hackdaylondon hadi hadid haha hahaha hail hair haircut halcyonsmyrnensi half hall halloween halloweenpostcard ham hama hamam hamburg hame hamilton hamm hampshir hampstead han hanaizumi hancock hand handmad hang hani hania hanimex hann hanna hannah happen happeningghesemmu happi happybirthday happyeast harajuku harbor harbour hard harlow harri harrison hart hartp harvard harvest hat hatch haunt haus hav havn hawk hawthorn hay haze hazel hbo hdr head headlight heal hear heart heat heather heaven hece heel hei heid heidi heinz held helio hell hello helly hellyer helm helpm hemlock hen hendri henn henna henri herb herd hereford heritag hermann hero hert herz hes hess hest hi hide hie high highgat highland highr highris highspe highway hijo hike hilari hill hindu hip hire histor histori historiclandmark hive hiver hk hm hnt hobbi hoe hoja hold hole holga holi holiday holidazzl holland hollywood holster home homeless homem homemad homemadepinhol homer hometown hond honda honey hong hongo hood hoodriv hook hoop hoorn hoot hooti hop hope horizon horn hornbeam hornet hornsea hors horseback horsesho hospit hot hotdog hotel hound hour hous houston houstonist hove hovea hover howel howth hp hro hsm htc hudson hue hug hui hulk hum human hummingbird humo hund hunder hundr hung hungari hungarian hunger hungerburg hungri hunt hunter hurt huski hut hyderabad iaa ialia ibi ibira ibiza ibrahim icc ice icecream iceland ich icho ici icon id idaho idea idiot idr iers iev ifa ifc ig iggi ii iii ij ikea il ilan ilford illinoi illumin illus illustr im imac imadeit imadethi imag imagemacro imagen imagin imin imit immacul immigr imo impact imperi imperia impress impression impressioni inb inchin ind independ independenceday indi india indian indiana indiano indigo indonesia indoor indus industri ine inexplor infin infini infinit infinito infra infrar inga initi injur ink inn inner innoc innout insan insect inspir instal instant instrument insul interesting interior intern international internet intheair inthedark inthegrass inti introphia inver invert invis invit inwat io iow iowa iphoto ipod ir irak iraklio iran irani iranian iraq ireland iri iris irish irl iron ironphotograph irus ishioka isl isla islam island iso isol isola isometr issu ist ita itali italia italian itb itsasmallworld iulian iv ivan ivi iwat ixus izzard izzi ja jack jackrussel jacob jail jajang jakarta jalal jalalspag jam jamaica jame jan jap japan japanes japo japon jar jarcher jardim jardin jasmin jason jasper java javaon jay jaz jazz jcw je jealous jean jefferson jellybean jen jenn jersey jessi jessica jester jesus jet jew jewel jewish ji jiji jimbrekk jin jiuzhai jjj jjjohn jmp job joe jog johann john johnhancock johnnywalkersdeadhors johnson joi jokaisen joke jona jonathan jone jonesgreenappl jordan jordi jorg jorn jose joseph joshua joshuatargownik joul journal journey joy jp jt juan juda judah jug juic jul jule juli juliana julien jump junco june juni junk junta jupit jura just justic jwdh kabuki kaj kala kale kansa kanu kap kar kara karaok karat karlsruh karma kat kate katerina kay kdd kde ked kelvin kenosha kent kentucki kenya kenzo kerala kerman kern kerst kesner ketchup kevin kew key keylimepi keyston khan khashayar kich kick kid kiev kill killarney kim kind king kingcloud kingdom kingfish kirch kirkhaugh kish kishor kiss kit kitchen kitlen kitsa kjaergaard kjeller kl klash klu knit knosp kodak kodakektachrom kodi koe koi kong konica kool korea korean kosova kosovo kraft kreme kristi kruger krugernationalpark ksc kuala kuchen kuma kunst kuw kuwait kveld ky kygp kyoto la lab labor labrador labyrinth lac lace lacer lacma ladakh ladi ladybird lager lago laguna lagunaverd lai laino lajolla lake lala lale lali lam lamb lambo lamp lampion lancast land landmark landscap lane lanka lantern lao lapaz laps laptop laptopl laptoplunch laptoplunchbentobox laptoplunchbox lara laranja larg larga largest lark las laser lash lasiocarpa laspalma lass lasvega late lati latt laugh laughingcow laughingcowlight laur laura lauren lauri lava lavand lavandula lavend lawn lax lay lc lca lds le lea leaf leafi leak leaningtow leap lear leari learn leather leav leberblum lecc lech lectur led leed leef leelanau leg lego leica leipzig leman lemon lemonad len lenni lens lent leo leon les letter levant lever lexington lge liana liber liberti libertyst libr librari licens licensepl licht lick lido life lift light lightclub lighthous lightingessenti lightn lightr lightroom lign ligur liguri like lil lila lilac lili lilli lima limburg lime limit lin lincoln linden lindo line linha link linus linux lion lip lipstick liquid lisboa lisbon lisner liss listen litor littl littledog littor live livorno llama load lobo loch lock loft logan loggia logo loh loi loir loizaga lol lombardi lomo lon london londonnight londono londr lone loneli long longbeach longexp longexposur longisland look lookatm lookingup lookup loom loop loot lori los losangel losangelesphotograph lost lot lou loud loui louis louisiana loung louvr love lovei low lowfi lowlight lowri lp lsd lss lu lua lubitel luca lucca luce lucht luci lucian luck lulu lulworth luma lume lumier lumix luna lunadirimmel lunar lunch lund lune lurch luz luza lyon lyra ma maa maah mac macaron macaronesian macaroni macbook macchi macedonia machin maci macro mad madera madison madisonsquar madisonwi madr madrid maduixa mag magazin magenta maggi magi magic magnoli main mairi maison makat makerfair maki mala malacca malad malaysia mali malin mall malt maman mamiya mamma man manag mandala mandi manga mango mangu manhattan manhunt mani manifest manip manipul maniste mano manti manu manual manzana map mapl mapp mar mara marathon marbl march marchonthepentagon marco mardi mare maren marfa margarit margo mari maria marin marina marino mariposa maritim mark market marla marmo maroc marpla marplask marqu marque marri marsh mart martha marthamad martin martini marvel maryland marylebon marzo masj mask mason masqu mass massi mat match mate matern matin matiya matrix matsu matt matteo matthew matti mattina mau maui mauritani mavi maxi maxxum maya mayday maydell mazda maziar mbu mca mcd mcdonald md meadow meadowlark meal mean media medic medit mediterranea medium meer meet meetup meg megapodiusreinwardt megashot mela melanchol melbourn melhor meli mello melon memori memoria men mendoza meno ment menu mer mercado mercato merced mercer merci mere merel merg meri meringu mermaid mersea mes mesa mesquit mess messag messeng messi mest met meta metadat metal metra metro metropoli metropolitanlif metx mexican mexicana mexico mfa mg mhbaker mia michael michela michelin michigan mickey micro microscop middl midnight midtown midwest mie mieiocchi miel mient mighti migrat miguel mike mikeb milad milan milano mile milit militar milk millennium milli milo milton milwauke mimi min minc miner mini miniatur minicard minicoop minifig minim minima minipin mink minneapoli minnesota minolta mint miop mirror mis misc miso miss mission mississippi missyou mist misterio misti mitt mix mk mm mmf mmmm mn mo moana mobil mod modclub model modern modernist modest modifi modular moi mojtaba moleskin mom moment mon monasteri mond mondi mondo money monk monkey monkeybread mono monochrom monsoon monster mont montag montagn montan montana montara montgomeri montreal monument monumento moo mood moomin moon moonlight moor moorpark mop moren morn morrobay mort morta morto mosaic mosqu mosquito moss motala moth mother motion moto motor motorshow motti mouen moulinroug mount mountain mountrushmor mous mouss mouth movealong movi moxi moxie moyen mozambiqu mr mre mse msh mst mtb mth mtrushmor mu mucha mud mug mulligan multi multicolor multipl mum mundo muni mura murfreesboro mus muscl muse musella museo museu museum mushroom music musica musician musico musk muslim mutant muticus mx mybest myfav myfavorit myrtl mys mysor mystic na nach nacht nada nadu nagarjuna nahuelbuta namen nana nanaimo nano nant nap narci nasa natal natalia natanz nathan nation nationalmonu nationalpark nativ nato natur natura naturereserv naturewatch naug nave nazi nazion nazist nb nba nc nd ne nean near neat nebel nec neco nectar nederland nederlands need needl nef negat neglect negr negro neig neighbor neighborhood neil neistpoint neogotik neon nerd nero nerv nest net netherland neva nevada neve new newborn newcastl neworlean newport news newyear newyork newyorkc nfl nh niagara nic nice nick nickwheel nico nicola nicolai niec niek nigella nigh night nightlif nightmar nighttim nigiri nihon nike nikkor niko nikon nima nina ninakupenda ninja nir nite nj nl noc noch nod nodalninja noga noi noir nois noke nola noma nontoccarla noodl noon nop nophoto nora norcal nord nori noria norm noro nort north northamerica northcarolina northeast northern northwest northwestern northwesternpacif northwesttreeoctopus nose nosha nostalg note noth notredam nott nottingham novemb novideo nowwhat nph ns nsw nuag nubi nuevo nui nuit number nun nuna nut nuvol nuwara nv ny nyc nyct nz oak oakgrov oakgroveapart oar oat oba obama object obra oca occhi occhiali occhio occult ocean oceano octava octob octopus odd offer offic ofm oh ohhai ohio oil oilderrick oilpaint ois oiseau ojo ok okc oklahoma ola old oldenglish older oldfashion oldi oldman ole olhar olho oli oliv olor olymp olympia olympicgam olympictorch olympus om omaha ombr ombra omen omg omin onblack ond onion oog oost ooti opa opal opel open opera oprah optic ora orablu oran orang oratori orb orchid oregon oregoncoast oreo organ oriel orient origin orilla orion orlando oro orphanwork orsay orton os oscar oslo oso osp osteo osu otherstag oti otto ouch oud outdoor outdoorphoto outoffocus outstand overexpos ovin ovo ow owl oxford oxfordshir pa pabst pace pacif pacifi pacificnorthwest pacifico packag paco padr pae paesaggi pagan paganello page pai paig pain paint paintshop paintshoppro pair pajama palac palermo palla palm palma palmer paloma pam pame pamela pampa pan panam panama panasian panason pancak pancolar pandey pandora pane pangea panna pano panoram panorama papa papal papav papel paper papercraft papercran papero papilio para parad paradis paraiso parc parco pare pari parigi paris parisfr park parkway paro parqu parrot partenz parti pasargad pascua paseo pass passion past pasta pasto pastor pastrami pastur pat path patisseri pato paton patrick pau paul paula paulo pave paveita pavo paw pawne paz pb pc pcago pe pea peac peach peak peanut pear pearl pecan pecor pedro peel peep pei pelargoni pelican pelo pen pencil pentax pentaxm peopl peopleschoic pepper peppercorn peppermint pera perch perfect perfo perform peri perico peril perna pero perra perrito perro persa perseo persia persian person persona personalfav perspect peru peruvian pesc pesca pescado pescator pest pet petal peter petrol petrona pharmaci phase philadelphia philifierc philip philipjohnson philipp philli phipp phone phonebox photo photoblog photograph photographi photograpi photojourn photooftheday photoshop photovolta photowalk pi piano piazza pic picc piccion piccoleexploratrici pico pict pictur pie pier pietr pig pilat pile pillow pillowfight pilot pimp pin pincushion pine pinest ping pingnew pinhol pink pinki pino pioggia pioneer pipe pipett piquet pir pirat piratescott pista pistachio pit pita pittsburgh pixel pixelodeon pizza pj place placestose plain plan planar plane planet planisfer plant planta plantingfield plasma plastic plata platform plath platz play playa plaza pleas pleasant plumeria plus plush pm po poa poi point pointer poison pokey polar polari polaroid pole polen polic polit politeama polkadot polli pollo polym pomeranian pomodori poni pont ponto poodl pool poop poor pop popa popolo porc port portait portal portland porto portogallo portr portra portrait portug pose poser poshi posit possum post posta postcard postcross postpro postr postur pot potato potd potrero potter pour power powerhous powershot pp ppl pra practic prada prado prag praia prair prat pray prayer precar precious precis prem presa prescott preserv presid president presidentoftheus presidentsoftheus press preston preto pretti primavera prime primo princ princess princeton print prison pro process produc product profesor profil project promo prospettiva protect protest prove provia provid prunus ps psi psp psychedel pt pto ptown pub public publicgarden publich pud puent puerta puerto puertorican puesta puffi pug puja puls pump pumpernickel pumpkin punk pup puppi pure purpl pyramid pyre pyro qrcode quay que quebec queen queenann quema quilt quin quincyst quinta quiquiriqu quot ra rabbi rabbit rabi race racer rachel rad radio radish raf ragazz rage rahmanian rail railroad railway rain rainbow rainbowweek rais rajasthan rama rambl ranch rando rang rap rare rat ratcliff ration rauch rave raven raver raw rawthem ray raya raymond raynox rcr read real reala rear rebecca rebel rebelxt rebelxti recept recit record recorddumond recycl red redbal redhil redmil redo redsox reed reef reet reflect reflejo reflex reforma regen reggio reggioemilia regin region rei reis relax releas religi rem rememb remind remot ren renault reno republ rescu reservoir resid resist resort respons rest restaur retrat retro rev revers revolut rex rey rh rhea rhipsali rhode ria riat rib rice richard richmond rickshaw rico ricoh ride rieger riflessi rig righ right rila rim ring ringu rinkl rio riodejaneiro riogrand riot rippl rise risk riso ritm ritter ritz riu rivelin river rivera rivero rivier riviera rj rn road roadhous roadsid roast robert robin robot roca rocher rock rocket rod rodi roe rofl roger rogerwat rogu roh roll rollei rolleiflex roller rom roma roman romanc romant rome roo roof rook room rooney roosevelt roost root rope roppongi rosa rosco rose rosell roselynebachelot rosen rosevill rosi ross rot rott rotterdam rottweil roug round row roxi royal rri rs rtw rua rubattino rubber rubberduck rue rug ruhr ruin ruiz rum run rural russel russia russian rust rusti rut ruta ryan ryanreev rye saab sabbia sack sacr sad sadabad sadi sae safari safariba safarilp safariuy safe sage sago sagrada sahara sail saint saintmark saintmarko sakura sakurako sal salad sale salli salmon salt salta salto salton salvador sam sammi samoy sampa samsung san sanantonio sanctuari sand sandcastl sandhil sandi sandiego sanfrancisco sanfranciscopillowfight sangredecristo sanjos sanmarco sant santa santabarbara santacaterina santalucia santiago santo sapa sar sara sarah sardi satur saturday saturn sauc saut sava save savem sax say sc scan scandinavia scandinavian scarf scarlet scene scenic scent schneider school schwarz schwarzwei scia scienc scient scioto scl scog scooter scorpio scott scotti scout scrambl scream screw scrub sculpt sculptur sd se sea seal sean sear search searchth season seat seattl seattleflickr seb sebastian seca second secret secunda secundari seemsam sein sekayu selangor select self selfi selfportrai selfportrait sell semanacriolla semi sen sens sensia sentiero septemb sepulch sepultur ser sera sere seren serengeti sergio seri series serra servic set seuss seventh sever sew sf sfbas sfidephotoamatori sfo sg sguardo shad shade shadow shah shahram shake shanghai shape share sharp shea shed sheep sheepdog shell shepard shepherd shes shetland shift shini shinjuku ship shirt shit shitzu shoe shoot shop shore shorelin shot shovel shower sht shutter shutterclock siberian sic sichuan sicili sicilia sicilian sierra sigarett sight sigma sign signal sikh sil silenc silenzio silhouett silk silo silver simon simpl simpli simplic simpson sinfo sing singapor singl sintservaa sirena sis sister sit size ska skate sketch ski skull sky skye skylin sl sleep sleepi sleev slice slick slide slidefilm slim slo sloss slow slr small smart smash smc smere smile smiley smili smirk smoke snack snow snowboard snowflak snowflakecontest snowman snowsho soap social socialis sock sod soda sodium sodo sofa soft soil sol solar sold soldier sole solitari solitud solo som soma someon somerset someth somewher sommer son song soni sonic sonn sonnenstrahl sonni sonyalpha sonyericsson soon sophi sott soul soup sourc south southeast southern southernpixel southhil southindia southindian southwel southwest sp spa space spain spaniel spanish spar spark sparkl specanim special specialmo spectacl spectacular speed speedo spell spi spiaggia spice spider spike spin spinach spirit spirito spitz splash split spongebob spoon sport spot spray spring springbreak sprocket sps squar squee squirrel sri ssl ssw st stack stadium staff stain stair stamp stan stand standard star start state statefair statenisland statepark station statu steal steam steel steele stella step stephen stereo stereograp stereograph stern steve steven stew stick sticker stickfigur stilt sting stitch stkilda stl stmark stock stockphoto stoke stone stop stopa store stori storm stow stpeter str straat strada strand strang strato straw stream street strength striat strip stripe strobist sts stuck stud studi studio stuf stuff stun stupid style su sub sublim suburb suburban subway succo succul suction sud sudan sugar suicid sukanto sullivan summer summit sun sunc sunflow sunken sunlight sunn sunris sunset super superb superia superiareala superson sur surf surreal surrey susa susan susanvill suspend suspens sussex sw swag swallow swallowtail swami swan swancloth swear sweet sweetdream swim swing swiss sxsw sxswi sylvan synth syria tabblo tabl tablet taco tacwd tafelberg tag tahiti taipei taiwan taj tak taleghan talk tall tamil tamron tan tank tap tard tare targophoto tart tarta tartar tasti tati tatiana taughannock taxi tay tb tc te tea teacup teal team teatro tech techno techo tedleo tee teen tegan tehran tela telephon televis tem temp templ templo tender tendr tennesse tent teresa terra terrac terracotta terrazzamascagni terror test tever texa text textur tf tfs thai thank thanksgiv thanksgivingday thankyou theatr thecloud thecur theel theend thegarag thegarden thel thematrix theme therubyreleas thesimpson theworld thing thingaday think thirdstreet thorn thought thread threskiorni thrift throw thunder thursday thursdaywalk tiago tibet tibetan tidbinbilla tie tier tiff tiger tiki tilt tim timber time timessquar timo tin tina ting tino tint tinta tire tivo tl tmax tn toa today todd toe tofu togeth toit tokina tokyo tokyoto tomal tomat tomato tomb tomba tomorrow ton tone toni tonto tool topf topphotoblog torch tord toren tori torley torm toro toronto torr tort torta tos totaleclips totw tour tousphotograph towel tower town toy toycam tr trabajo trace track trade traffic trail train tram transbordador transit transport trash travel travelphoto treat treatment tree treesw treet trek tren tres tress trevi trey tri tribut trick tricolor trim tring trip tripl tripod trist tristan trix troll troop tropic tropicalfruit troutdal troutdaleor truck true truff tt tube tulip tulipa tulp tulsa tuna tune tungsten tunnel tura ture turf turism turk turki turkish turn tv tw twa twelv twig twin twinfal twtme type typo tyron tzfira ubc uccello uci ucumari udo ufo ug uk ul ula ulia ult ultra ultrashot ultrawideandslim ultrawideslim umbria una unal unatur underwat unesco union unionpacif uniqu unit unitedst univ univers unm uno unpopolo unreal unus unusu unusualimag upload upsid upsidedown urb urban urbana urbanfrag urbanism urbanista urn usa usb use usp ut utah utata utopia utzon uva uw uxolo va vaca vacat vahid val valencia valentin valentinesday vall valla vallado valley valparaiso van vancouv vanellus vanged vangededk vanish vapor vapour vapur vara varsitytheat vasa veen vega vegan veget vegetarian vegrevill vehicl veith vela velib velo velvet velvia ven venc venetiangoth venic venu vera verd verdad veri vermel vermont vern vernacular vero veronica verr veteran viaduct viaducto viaggi viagginkenya vial vic vicenza victori victoria victoriaunivers victornuno video vie vienna vietnam view vigil vigilant vignet vij vijay vill villa villag vincenn vine vintag vintageeast viola violet virgin virginia virkat visi vista visual vit vita vitt viv vivid vivitar vladimir vocal voi voigtland voir vol vola volcan volkswagen volo volta volvo voo vr vs vw wa wagon wai waimea wait wald wale walk walker wall wan want war warehous warm warn warsaw wash washington watch water watercolor waterfal waterfront waterw wave wax way wb wc weat weather web webb wed weddingphotograph wednesday week weekend wef weg weight weir weird wel welcom weld west westcoast western westi wet wgt wheat wheaton wheel wheelbarrow whipsnad white whiter wi wick wickaninnish wide wideangl wien wiener wig wild wildlif wildspirit william willow wilson win wind window windsor wine wing winner winni winter wire wireless wisc wish wishi wizan wnyc wolf wolk women wonder woo wood wooden wooki wool worcest word work world worm wow wrap wrigley write wst wv wwf xavierderosnay xo xoxoxox xpro xt xtesxt yago yahoo yahoobrickhous yard yashica yayo year yell yellow yellowflow yellowston yo yod yoga yogapos york yorkbeach yosemit young youth ysplix yum yurisnight yurisnightbayarea yuval yvb zaha zahirah zan zapatist zd zeal zeb zeiss zeldman zen zion zoe zombi zombiemob zone zoo zooka zoolog zoom zorislav zoroast zu zuiko